Date,GRG.L,JD.L,MAB.L,NXT.L,SMWH.L
2022-01-04,3338.278564453125,215.73619079589844,263.6000061035156,8048.0751953125,1567.8275146484375
2022-01-05,3367.237548828125,218.9352264404297,259.79998779296875,8026.107421875,1562.831298828125
2022-01-06,3096.620361328125,212.73707580566406,258.6000061035156,7758.50439453125,1589.3115234375
2022-01-07,3057.675537109375,213.93670654296875,257.6000061035156,7776.47705078125,1585.314453125
2022-01-10,2879.927001953125,212.73707580566406,263.0,7642.6748046875,1587.3131103515625
2022-01-11,2895.904541015625,218.73529052734375,263.3999938964844,7988.1630859375,1611.794677734375
2022-01-12,2854.96240234375,211.4374542236328,257.6000061035156,7990.1611328125,1573.323486328125
2022-01-13,2802.037109375,197.8914794921875,260.0,7662.1806640625,1558.8341064453125
2022-01-14,2707.17138671875,192.9429168701172,262.0,7418.49365234375,1563.330810546875
2022-01-17,2689.19677734375,195.94203186035156,264.0,7616.240234375,1581.3172607421875
2022-01-18,2621.292236328125,189.04409790039062,264.3999938964844,7510.3759765625,1551.340087890625
2022-01-19,2616.2998046875,191.74327087402344,261.0,7530.349609375,1661.257568359375
2022-01-20,2645.2587890625,194.59242248535156,266.79998779296875,7548.3271484375,1696.2315673828125
2022-01-21,2624.288330078125,192.64300537109375,259.20001220703125,7476.4189453125,1700.2283935546875
2022-01-24,2483.487548828125,182.8459014892578,249.39999389648438,7252.70556640625,1644.7698974609375
2022-01-25,2555.3857421875,182.49603271484375,255.0,7420.49072265625,1661.257568359375
2022-01-26,2636.271484375,183.94561767578125,258.20001220703125,7434.4736328125,1667.7528076171875
2022-01-27,2623.2900390625,186.9447021484375,256.6000061035156,7418.49365234375,1707.22314453125
2022-01-28,2643.26123046875,188.24432373046875,249.1999969482422,7564.3056640625,1679.7437744140625
2022-01-31,2664.232177734375,187.994384765625,250.39999389648438,7488.404296875,1646.7684326171875
2022-02-01,2736.130615234375,191.3433837890625,254.60000610351562,7490.40087890625,1689.736328125
2022-02-02,2782.065185546875,188.24432373046875,254.39999389648438,7546.32958984375,1641.772216796875
2022-02-03,2728.141845703125,184.24549865722656,251.39999389648438,7284.66455078125,1637.2757568359375
2022-02-04,2668.226806640625,181.94618225097656,251.0,7132.859375,1624.285400390625
2022-02-07,2650.251953125,181.3463592529297,251.8000030517578,7184.79296875,1628.781982421875
2022-02-08,2664.232177734375,178.99705505371094,254.39999389648438,7132.859375,1631.2799072265625
2022-02-09,2707.17138671875,181.84619140625,261.0,7242.7177734375,1675.2470703125
2022-02-10,2687.19970703125,178.79713439941406,266.20001220703125,7250.7080078125,1692.734130859375
2022-02-11,2640.265380859375,174.59835815429688,266.20001220703125,7184.79296875,1659.2591552734375
2022-02-14,2581.348876953125,168.45018005371094,257.20001220703125,7148.83837890625,1590.3106689453125
2022-02-15,2660.23779296875,168.80006408691406,255.60000610351562,7064.94677734375,1653.7633056640625
2022-02-16,2653.24755859375,165.95089721679688,253.1999969482422,6969.06884765625,1648.76708984375
2022-02-17,2605.315185546875,164.95120239257812,245.8000030517578,6909.1455078125,1576.82080078125
2022-02-18,2580.35009765625,165.6510009765625,240.0,6841.2333984375,1549.3414306640625
2022-02-21,2519.436767578125,161.5022430419922,237.0,6837.23779296875,1540.84765625
2022-02-22,2529.4228515625,160.5525360107422,238.39999389648438,6841.2333984375,1573.822998046875
2022-02-23,2494.4716796875,155.80392456054688,238.39999389648438,6783.30712890625,1574.822265625
2022-02-24,2499.465087890625,153.45458984375,228.60000610351562,6743.35888671875,1558.8341064453125
2022-02-25,2596.32763671875,150.20556640625,237.0,6787.3017578125,1627.2830810546875
2022-02-28,2571.36328125,150.95533752441406,237.8000030517578,6853.2177734375,1624.285400390625
2022-03-01,2534.415771484375,144.7571563720703,224.8000030517578,6503.666015625,1615.79150390625
2022-03-02,2547.39697265625,146.05679321289062,229.0,6477.69873046875,1592.3092041015625
2022-03-03,2433.557861328125,141.00830078125,219.60000610351562,6204.04931640625,1502.3763427734375
2022-03-04,2330.70361328125,131.51109313964844,211.39999389648438,5968.3515625,1379.4683837890625
2022-03-07,2279.775390625,131.81101989746094,211.0,5762.615234375,1337.000244140625
2022-03-08,2202.884765625,131.71104431152344,213.8000030517578,5834.52294921875,1370.9747314453125
2022-03-09,2299.747314453125,144.60723876953125,228.1999969482422,6281.94970703125,1443.4205322265625
2022-03-10,2228.847900390625,141.1082763671875,217.8000030517578,6086.20068359375,1411.944091796875
2022-03-11,2332.70068359375,140.2584991455078,222.0,6138.13427734375,1420.9373779296875
2022-03-14,2321.716552734375,144.4072723388672,219.8000030517578,6273.95947265625,1428.431884765625
2022-03-15,2367.6513671875,141.70806884765625,222.0,6232.013671875,1427.4324951171875
2022-03-16,2488.480712890625,148.9559326171875,231.39999389648438,6451.7314453125,1472.8985595703125
2022-03-17,2507.45361328125,148.9559326171875,239.8000030517578,6467.71142578125,1471.8994140625
2022-03-18,2552.389892578125,151.0053253173828,238.8000030517578,6519.64501953125,1486.388427734375
2022-03-21,2470.505859375,148.85597229003906,233.0,6399.798828125,1479.3936767578125
2022-03-22,2508.452392578125,153.2546844482422,238.0,6453.72998046875,1461.90673828125
2022-03-23,2456.52587890625,151.55520629882812,232.8000030517578,6375.82958984375,1437.4251708984375
2022-03-24,2412.97998046875,147.60630798339844,228.0,6168.09619140625,1424.9344482421875
2022-03-25,2414.977783203125,150.15557861328125,228.1999969482422,6273.95947265625,1455.9112548828125
2022-03-28,2495.87646484375,151.80508422851562,230.39999389648438,6297.92919921875,1471.3995361328125
2022-03-29,2575.77685546875,160.3025665283203,242.1999969482422,6511.65478515625,1541.347412109375
2022-03-30,2500.8701171875,152.85479736328125,234.60000610351562,6265.9697265625,1468.9014892578125
2022-03-31,2457.923828125,148.20616149902344,233.8000030517578,6024.27978515625,1434.927001953125
2022-04-01,2480.895263671875,150.70541381835938,239.60000610351562,6100.18310546875,1435.4267578125
2022-04-04,2454.927490234375,156.0038604736328,240.60000610351562,6154.11376953125,1442.9210205078125
2022-04-05,2448.935546875,153.8544921875,242.1999969482422,6146.1240234375,1463.9052734375
2022-04-06,2406.98779296875,146.00680541992188,240.0,5912.4228515625,1447.4176025390625
2022-04-07,2416.97509765625,145.10707092285156,242.1999969482422,5828.53076171875,1436.9254150390625
2022-04-08,2410.982421875,146.95655822753906,241.39999389648438,6026.27685546875,1444.91943359375
2022-04-11,2398.997802734375,144.2073516845703,243.39999389648438,6028.275390625,1484.389892578125
2022-04-12,2373.030029296875,147.35638427734375,242.8000030517578,6132.14208984375,1435.9261474609375
2022-04-13,2327.08740234375,147.50637817382812,232.60000610351562,6120.15771484375,1450.9149169921875
2022-04-14,2329.085205078125,147.4563751220703,237.8000030517578,6182.078125,1515.8663330078125
2022-04-19,2267.162109375,143.0076904296875,232.0,6230.015625,1462.406494140625
2022-04-20,2291.1328125,144.45724487304688,227.8000030517578,6216.03515625,1433.927490234375
2022-04-21,2383.017578125,147.2064666748047,229.0,6349.86328125,1500.877685546875
2022-04-22,2345.065185546875,144.7571563720703,228.39999389648438,6232.013671875,1512.369140625
2022-04-25,2377.025390625,140.3584747314453,227.60000610351562,6120.15771484375,1509.8709716796875
2022-04-26,2335.077392578125,133.41053771972656,226.60000610351562,5928.40283203125,1510.3704833984375
2022-04-27,2323.0927734375,129.9615478515625,224.60000610351562,5884.45947265625,1453.9127197265625
2022-04-28,2325.090087890625,133.3105926513672,225.8000030517578,5974.3447265625,1495.3817138671875
2022-04-29,2347.062744140625,133.36056518554688,228.0,6018.28759765625,1454.412109375
2022-05-03,2291.1328125,134.81011962890625,227.8000030517578,6140.13134765625,1455.41162109375
2022-05-04,2205.240234375,128.46197509765625,228.1999969482422,6078.21142578125,1460.907470703125
2022-05-05,2203.2431640625,128.01211547851562,214.1999969482422,6034.267578125,1444.419921875
2022-05-06,2189.260009765625,123.51346588134766,210.0,5940.38818359375,1415.441650390625
2022-05-09,2137.324951171875,117.5152359008789,209.39999389648438,5896.443359375,1365.47900390625
2022-05-10,2113.35498046875,116.91542053222656,208.0,6044.25390625,1372.97314453125
2022-05-11,2149.310302734375,118.86483764648438,205.8000030517578,6206.046875,1437.4251708984375
2022-05-12,2091.790771484375,126.7125244140625,204.60000610351562,6419.77294921875,1431.9290771484375
2022-05-13,2167.71044921875,131.4111328125,215.8000030517578,6471.7060546875,1483.3907470703125
2022-05-16,2157.72119140625,130.61135864257812,212.0,6521.642578125,1483.8902587890625
2022-05-17,2179.697998046875,131.81101989746094,214.0,6403.79296875,1503.375732421875
2022-05-18,2165.713134765625,124.66313171386719,211.0,6293.93505859375,1521.3621826171875
2022-05-19,2149.729736328125,122.16387176513672,203.1999969482422,6138.13427734375,1491.384765625
2022-05-20,2153.725341796875,121.46406555175781,200.0,6122.15478515625,1518.864013671875
2022-05-23,2145.73388671875,123.61343383789062,200.8000030517578,6122.15478515625,1527.357666015625
2022-05-24,2119.761474609375,119.26472473144531,197.1999969482422,5994.318359375,1521.862060546875
2022-05-25,2171.70654296875,111.96687316894531,197.6999969482422,6120.15771484375,1518.864013671875
2022-05-26,2229.6455078125,119.1147689819336,207.60000610351562,6513.6533203125,1593.80810546875
2022-05-27,2237.63671875,119.91452026367188,211.8000030517578,6531.6298828125,1611.294921875
2022-05-30,2271.6005859375,124.46318054199219,214.0,6605.53466796875,1605.7991943359375
2022-05-31,2261.611328125,122.61373138427734,207.60000610351562,6469.70947265625,1592.808837890625
2022-06-01,2235.638916015625,122.06389617919922,208.0,6453.72998046875,1578.8194580078125
2022-06-06,2245.628173828125,123.21354675292969,206.0,6491.68115234375,1576.82080078125
2022-06-07,2171.70654296875,118.41497039794922,203.8000030517578,6419.77294921875,1553.8380126953125
2022-06-08,2151.7275390625,122.21383666992188,208.39999389648438,6463.716796875,1575.32177734375
2022-06-09,2067.816650390625,121.46406555175781,207.60000610351562,6363.84423828125,1557.8350830078125
2022-06-10,2021.8646240234375,116.7154769897461,203.39999389648438,6172.09033203125,1475.896240234375
2022-06-13,1909.98291015625,114.91600799560547,201.0,6078.21142578125,1411.4443359375
2022-06-14,1906.9859619140625,111.71695709228516,200.1999969482422,5930.400390625,1357.4847412109375
2022-06-15,1954.935546875,111.31707763671875,207.1999969482422,6034.267578125,1472.8985595703125
2022-06-16,1899.993408203125,102.86956787109375,196.89999389648438,5756.623046875,1477.3951416015625
2022-06-17,1936.954345703125,106.41851806640625,199.8000030517578,5928.40283203125,1487.3876953125
2022-06-20,1938.9521484375,106.31854248046875,206.39999389648438,5946.37939453125,1535.3519287109375
2022-06-21,1906.9859619140625,106.76841735839844,201.8000030517578,5900.43896484375,1487.3876953125
2022-06-22,1875.0198974609375,113.81633758544922,199.5,5902.43603515625,1473.897705078125
2022-06-23,1837.0599365234375,114.16622924804688,195.10000610351562,5870.47705078125,1478.8941650390625
2022-06-24,1915.9766845703125,119.06478118896484,198.0,5974.3447265625,1495.3817138671875
2022-06-27,1917.974609375,118.66490173339844,202.0,5978.3388671875,1507.3726806640625
2022-06-28,1901.9912109375,117.6651840209961,203.8000030517578,5942.38525390625,1496.880615234375
2022-06-29,1855.0408935546875,115.9656982421875,191.39999389648438,5964.357421875,1443.9200439453125
2022-06-30,1806.0926513671875,115.3658676147461,184.1999969482422,5852.5,1404.94921875
2022-07-01,1819.0789794921875,117.6152114868164,187.5,5976.341796875,1396.9554443359375
2022-07-04,1832.0653076171875,114.66608428955078,186.60000610351562,6090.1953125,1375.47119140625
2022-07-05,1828.0693359375,113.11654663085938,183.89999389648438,6108.1728515625,1339.997802734375
2022-07-06,1891.0028076171875,118.31498718261719,184.0,6130.1435546875,1360.4827880859375
2022-07-07,1920.97119140625,122.21745300292969,182.6999969482422,6165.37646484375,1384.9644775390625
2022-07-08,1940.9501953125,124.91673278808594,177.89999389648438,6275.2587890625,1404.94921875
2022-07-11,1918.9735107421875,123.41714477539062,180.0,6289.24365234375,1386.962646484375
2022-07-12,1908.98388671875,125.16667938232422,181.0,6293.2392578125,1394.956787109375
2022-07-13,1869.0262451171875,123.51712036132812,170.89999389648438,6307.22412109375,1392.4586181640625
2022-07-14,1822.07568359375,123.66706848144531,160.6999969482422,6195.34423828125,1366.4781494140625
2022-07-15,1881.013427734375,129.06565856933594,164.1999969482422,6363.16357421875,1402.451171875
2022-07-18,1901.9912109375,131.96487426757812,166.10000610351562,6395.12939453125,1401.9515380859375
2022-07-19,1920.97119140625,137.46340942382812,170.5,6558.95361328125,1460.4078369140625
2022-07-20,1922.96923828125,139.76278686523438,172.60000610351562,6540.97265625,1450.9149169921875
2022-07-21,1978.9100341796875,142.51206970214844,172.0,6620.88720703125,1456.410888671875
2022-07-22,1976.9122314453125,141.86224365234375,174.3000030517578,6678.82470703125,1453.4130859375
2022-07-25,1953.936279296875,138.86302185058594,176.60000610351562,6658.84619140625,1435.9261474609375
2022-07-26,1905.987060546875,127.71600341796875,170.39999389648438,6491.02685546875,1387.9620361328125
2022-07-27,1942.947998046875,126.06643676757812,175.8000030517578,6546.96630859375,1409.4459228515625
2022-07-28,1989.898681640625,126.51631164550781,170.39999389648438,6712.7880859375,1401.9515380859375
2022-07-29,2037.847900390625,129.5155029296875,173.3000030517578,6798.69677734375,1442.4212646484375
2022-08-01,2075.80810546875,130.7152099609375,177.5,6762.73486328125,1457.90966796875
2022-08-02,2129.75048828125,128.26585388183594,177.39999389648438,6696.80615234375,1418.4390869140625
2022-08-03,2159.718994140625,131.61495971679688,181.8000030517578,6738.7607421875,1444.91943359375
2022-08-04,2149.729736328125,133.76438903808594,184.10000610351562,6706.79443359375,1466.903076171875
2022-08-05,2071.81201171875,130.11537170410156,187.3000030517578,6437.0849609375,1451.4146728515625
2022-08-08,2087.794921875,133.5144500732422,188.3000030517578,6552.96044921875,1469.4012451171875
2022-08-09,2053.831298828125,126.66627502441406,188.89999389648438,6417.10595703125,1460.4078369140625
2022-08-10,2103.778076171875,132.66468811035156,195.3000030517578,6550.962890625,1524.859619140625
2022-08-11,2081.80126953125,131.51498413085938,190.6999969482422,6413.1103515625,1477.3951416015625
2022-08-12,2077.8056640625,129.06565856933594,190.6999969482422,6397.12744140625,1487.8873291015625
2022-08-15,2077.8056640625,129.2156219482422,189.0,6399.125,1517.3653564453125
2022-08-16,2067.816650390625,129.96539306640625,188.89999389648438,6556.9560546875,1516.365966796875
2022-08-17,2035.85009765625,128.16587829589844,175.6999969482422,6381.14501953125,1484.8896484375
2022-08-18,2033.8521728515625,124.56684112548828,172.3000030517578,6325.20458984375,1473.398193359375
2022-08-19,2007.8795166015625,124.01697540283203,168.60000610351562,6157.384765625,1457.41015625
2022-08-22,1968.9205322265625,119.16827392578125,164.10000610351562,6007.5458984375,1398.4542236328125
2022-08-23,1899.993408203125,115.7691879272461,165.39999389648438,5937.62060546875,1383.4654541015625
2022-08-24,1876.018798828125,116.61894989013672,165.6999969482422,5947.61083984375,1409.4459228515625
2022-08-25,1854.0419921875,113.86968231201172,160.39999389648438,5883.67919921875,1402.451171875
2022-08-26,1854.0419921875,109.6208267211914,157.5,5725.84814453125,1388.961181640625
2022-08-30,1874.0208740234375,112.27011108398438,155.60000610351562,5819.74755859375,1398.9537353515625
2022-08-31,1843.0537109375,112.91992950439453,154.5,5805.76318359375,1428.431884765625
2022-09-01,1802.0968017578125,114.36955261230469,149.10000610351562,5755.81591796875,1403.9503173828125
2022-09-02,1850.046142578125,119.9180679321289,153.60000610351562,5923.6357421875,1450.415283203125
2022-09-05,1840.056640625,122.7673110961914,153.60000610351562,6029.52197265625,1421.9366455078125
2022-09-06,1970.9185791015625,126.46633911132812,164.89999389648438,6181.359375,1477.894775390625
2022-09-07,1941.94921875,123.91700744628906,156.60000610351562,6041.50927734375,1393.4580078125
2022-09-08,1954.0872802734375,126.31636810302734,162.3000030517578,5809.7587890625,1396.9554443359375
2022-09-09,1997.045166015625,126.06643676757812,165.39999389648438,5875.68701171875,1438.924072265625
2022-09-12,2042.001220703125,131.46498107910156,172.1999969482422,6057.49169921875,1468.4017333984375
2022-09-13,1994.04833984375,127.16614532470703,169.0,5821.74560546875,1445.4189453125
2022-09-14,1957.0843505859375,125.86648559570312,165.39999389648438,5795.7734375,1455.41162109375
2022-09-15,1960.0814208984375,128.16587829589844,167.6999969482422,5841.7236328125,1466.4034423828125
2022-09-16,1969.0726318359375,125.26664733886719,169.1999969482422,5801.76708984375,1412.943359375
2022-09-20,1902.13818359375,122.8672866821289,160.1999969482422,5717.857421875,1403.9503173828125
2022-09-21,1915.12548828125,123.8170394897461,162.5,5745.8271484375,1407.9471435546875
2022-09-22,1874.16552734375,113.4197998046875,158.60000610351562,5747.82421875,1385.4639892578125
2022-09-23,1833.205810546875,105.87181854248047,151.60000610351562,5480.1123046875,1358.9837646484375
2022-09-26,1838.20068359375,102.82262420654297,145.1999969482422,5357.77880859375,1323.0106201171875
2022-09-27,1782.2554931640625,102.62267303466797,139.8000030517578,5264.3447265625,1280.042724609375
2022-09-28,1772.2652587890625,104.5721664428711,135.0,5318.2861328125,1259.0584716796875
2022-09-29,1671.364013671875,99.8734130859375,115.0999984741211,4668.984375,1189.6103515625
2022-09-30,1710.3258056640625,100.17333221435547,115.0999984741211,4795.84765625,1195.60595703125
2022-10-03,1721.315185546875,103.6224136352539,112.0999984741211,4830.80908203125,1211.5938720703125
2022-10-04,1899.1409912109375,107.92125701904297,117.9000015258789,5024.60205078125,1258.0592041015625
2022-10-05,1839.1998291015625,104.4721908569336,112.5,4756.89013671875,1203.599853515625
2022-10-06,1848.1910400390625,104.0722885131836,109.4000015258789,4626.0302734375,1211.094482421875
2022-10-07,1768.2691650390625,99.71344757080078,111.5,4452.216796875,1186.6126708984375
2022-10-10,1787.25048828125,101.57295989990234,108.0,4524.1396484375,1183.1153564453125
2022-10-11,1786.2515869140625,99.43352508544922,109.4000015258789,4543.11865234375,1180.1173095703125
2022-10-12,1749.2877197265625,89.1762466430664,102.0,4378.29638671875,1131.65380859375
2022-10-13,1811.22705078125,93.97499084472656,108.19999694824219,4643.01220703125,1171.6236572265625
2022-10-14,1814.2242431640625,95.47457885742188,109.69999694824219,4721.92724609375,1195.1063232421875
2022-10-17,1858.18115234375,98.6137466430664,115.5,4813.828125,1224.084716796875
2022-10-18,1905.135009765625,98.9136734008789,113.5,4891.74462890625,1219.0882568359375
2022-10-19,1904.13623046875,98.393798828125,107.5,4753.89306640625,1203.599853515625
2022-10-20,1908.1324462890625,100.27330780029297,110.4000015258789,4871.76611328125,1187.1121826171875
2022-10-21,1913.1273193359375,94.15494537353516,106.0999984741211,4732.91552734375,1149.140625
2022-10-24,1931.109619140625,95.51457214355469,104.9000015258789,4876.76123046875,1146.6424560546875
2022-10-25,1996.04638671875,98.27384185791016,104.19999694824219,5026.60009765625,1163.6298828125
2022-10-26,2051.99169921875,101.5229721069336,110.4000015258789,5116.50341796875,1175.121337890625
2022-10-27,2047.9954833984375,101.5229721069336,115.30000305175781,5074.54833984375,1183.1153564453125
2022-10-28,2016.026611328125,96.83422088623047,112.4000015258789,4929.7041015625,1159.6328125
2022-10-31,2016.026611328125,97.41405487060547,116.19999694824219,4923.71044921875,1176.120361328125
2022-11-01,2038.005126953125,100.17333221435547,127.0999984741211,4957.673828125,1205.0986328125
2022-11-02,2036.007080078125,100.87313842773438,127.80000305175781,5036.5888671875,1251.0643310546875
2022-11-03,2014.0286865234375,98.47379302978516,127.30000305175781,4936.6962890625,1256.560302734375
2022-11-04,2093.950439453125,104.02230072021484,136.3000030517578,5122.4970703125,1307.0225830078125
2022-11-07,2111.932861328125,104.3722152709961,138.10000610351562,5252.35693359375,1303.525146484375
2022-11-08,2165.8798828125,107.87128448486328,140.39999389648438,5382.21826171875,1307.0225830078125
2022-11-09,2167.8779296875,107.42139434814453,135.0,5414.18359375,1286.0382080078125
2022-11-10,2233.8134765625,116.31903076171875,143.3000030517578,5673.90380859375,1351.989013671875
2022-11-11,2237.8095703125,120.46791076660156,148.0,5709.86572265625,1375.9710693359375
2022-11-14,2267.77978515625,119.56816864013672,147.8000030517578,5771.7998046875,1414.9417724609375
2022-11-15,2259.7880859375,119.7181167602539,141.89999389648438,5719.85498046875,1409.94580078125
2022-11-16,2215.8310546875,114.91940307617188,136.10000610351562,5566.02099609375,1370.47509765625
2022-11-17,2193.8525390625,114.6194839477539,134.8000030517578,5534.05419921875,1364.4794921875
2022-11-18,2225.8212890625,119.56816864013672,137.10000610351562,5725.84814453125,1379.9678955078125
2022-11-21,2229.817626953125,120.06803894042969,135.10000610351562,5659.91845703125,1363.4803466796875
2022-11-22,2237.8095703125,123.2671890258789,135.89999389648438,5695.88037109375,1395.9559326171875
2022-11-23,2265.7822265625,126.21639251708984,140.39999389648438,5709.86572265625,1386.962646484375
2022-11-24,2289.7587890625,125.66653442382812,142.89999389648438,5739.833984375,1390.959716796875
2022-11-25,2287.760986328125,124.51685333251953,144.0,5745.8271484375,1387.4625244140625
2022-11-28,2271.77587890625,124.46685028076172,141.39999389648438,5699.876953125,1395.9559326171875
2022-11-29,2285.7626953125,124.4168701171875,139.1999969482422,5733.83984375,1403.450439453125
2022-11-30,2313.735107421875,126.01646423339844,138.89999389648438,5833.732421875,1411.944091796875
2022-12-01,2333.7158203125,127.96592712402344,143.89999389648438,5808.41650390625,1405.9486083984375
2022-12-02,2381.668701171875,128.76573181152344,144.1999969482422,5828.3974609375,1441.4222412109375
2022-12-05,2367.682861328125,128.61573791503906,144.8000030517578,5848.37890625,1451.914306640625
2022-12-06,2355.694580078125,126.41633605957031,142.0,5856.37060546875,1463.9052734375
2022-12-07,2347.7021484375,126.11642456054688,151.1999969482422,5874.35400390625,1445.9188232421875
2022-12-08,2333.7158203125,123.16847229003906,135.8000030517578,5804.4208984375,1411.944091796875
2022-12-09,2363.6865234375,122.8685531616211,137.1999969482422,5840.38623046875,1445.4189453125
2022-12-12,2351.6982421875,120.86907196044922,128.10000610351562,5780.4443359375,1456.410888671875
2022-12-13,2381.668701171875,122.56863403320312,134.60000610351562,5874.35400390625,1508.87158203125
2022-12-14,2387.662841796875,121.56889343261719,131.6999969482422,5916.3134765625,1536.3509521484375
2022-12-15,2401.64892578125,118.91956329345703,133.10000610351562,5736.486328125,1499.37890625
2022-12-16,2371.678466796875,118.06978607177734,132.6999969482422,5620.59765625,1456.410888671875
2022-12-19,2323.725341796875,115.62040710449219,135.5,5524.68994140625,1461.90673828125
2022-12-20,2289.7587890625,113.22101593017578,134.0,5502.7109375,1435.9261474609375
2022-12-21,2353.696044921875,120.1192626953125,138.5,5652.56689453125,1485.888916015625
2022-12-22,2339.7099609375,119.21949005126953,135.0,5592.62451171875,1496.3809814453125
2022-12-23,2355.694580078125,119.51942443847656,137.5,5600.6162109375,1476.8956298828125
2022-12-28,2345.70361328125,122.1187515258789,137.1999969482422,5652.56689453125,1490.3856201171875
2022-12-29,2353.696044921875,123.11848449707031,141.0,5746.4765625,1478.8941650390625
2022-12-30,2343.705810546875,126.11772155761719,138.0,5800.42431640625,1483.3907470703125
2023-01-03,2385.6650390625,129.66680908203125,143.10000610351562,5950.28076171875,1514.8670654296875
2023-01-04,2439.61181640625,135.2154083251953,149.0,6092.14404296875,1552.3389892578125
2023-01-05,2415.635498046875,139.3643341064453,151.10000610351562,6511.7412109375,1572.9158935546875
2023-01-06,2383.666748046875,142.51353454589844,151.8000030517578,6475.77587890625,1577.4127197265625
2023-01-09,2441.6103515625,140.5640411376953,156.5,6447.802734375,1565.4210205078125
2023-01-10,2483.56884765625,140.8639373779297,158.3000030517578,6259.98291015625,1577.91259765625
2023-01-11,2479.572998046875,150.71142578125,162.6999969482422,6395.8525390625,1573.4156494140625
2023-01-12,2523.5302734375,159.65911865234375,170.6999969482422,6605.650390625,1568.918701171875
2023-01-13,2525.528076171875,160.05905151367188,170.10000610351562,6577.67822265625,1601.396484375
2023-01-16,2577.476806640625,161.7086181640625,174.0,6627.62939453125,1626.379150390625
2023-01-17,2577.476806640625,158.45944213867188,166.60000610351562,6609.64697265625,1615.88623046875
2023-01-18,2633.42236328125,155.9600830078125,167.5,6537.7158203125,1568.918701171875
2023-01-19,2605.44970703125,152.7108917236328,166.5,6395.8525390625,1537.9400634765625
2023-01-20,2625.43017578125,156.95982360839844,171.3000030517578,6429.8193359375,1587.4061279296875
2023-01-23,2629.42626953125,158.75936889648438,168.60000610351562,6451.79833984375,1586.90625
2023-01-24,2673.383544921875,160.80885314941406,171.0,6499.75244140625,1582.4093017578125
2023-01-25,2645.410400390625,160.60888671875,163.39999389648438,6463.78759765625,1592.402587890625
2023-01-26,2643.41259765625,164.35794067382812,163.0,6577.67822265625,1562.9228515625
2023-01-27,2685.37158203125,161.55865478515625,161.0,6629.62744140625,1593.4017333984375
2023-01-30,2701.35595703125,162.35845947265625,166.39999389648438,6641.61572265625,1596.8995361328125
2023-01-31,2691.36572265625,162.7083740234375,164.60000610351562,6611.64501953125,1594.4012451171875
2023-02-01,2697.359619140625,163.2582244873047,163.8000030517578,6635.62158203125,1629.376953125
2023-02-02,2817.242431640625,181.4535675048828,173.89999389648438,6929.33984375,1672.347412109375
2023-02-03,2799.260009765625,186.6022491455078,172.1999969482422,6973.2978515625,1687.3370361328125
2023-02-06,2771.287353515625,182.10337829589844,167.89999389648438,6793.47021484375,1663.3536376953125
2023-02-07,2723.334228515625,179.40408325195312,166.3000030517578,6719.54150390625,1665.8519287109375
2023-02-08,2753.30517578125,181.0536651611328,161.6999969482422,6853.41259765625,1671.8477783203125
2023-02-09,2729.32861328125,181.70350646972656,166.0,6875.39111328125,1679.3426513671875
2023-02-10,2639.41650390625,178.854248046875,163.3000030517578,6723.537109375,1652.861083984375
2023-02-13,2699.35791015625,180.9036865234375,165.10000610351562,6743.51806640625,1656.858154296875
2023-02-14,2697.359619140625,178.3043670654297,157.6999969482422,6705.5546875,1672.8470458984375
2023-02-15,2737.32080078125,181.9534454345703,159.8000030517578,6801.46240234375,1692.333740234375
2023-02-16,2727.330078125,183.003173828125,162.10000610351562,6833.431640625,1702.3267822265625
2023-02-17,2713.343994140625,180.7537384033203,161.3000030517578,6883.3837890625,1712.8193359375
2023-02-20,2709.34814453125,179.4540557861328,161.0,6859.40673828125,1683.8394775390625
2023-02-21,2707.349853515625,180.70376586914062,160.10000610351562,6805.458984375,1649.86279296875
2023-02-22,2699.35791015625,179.9539337158203,156.0,6737.5244140625,1657.857421875
2023-02-23,2685.37158203125,182.00343322753906,157.0,6841.42431640625,1581.9097900390625
2023-02-24,2665.391357421875,179.75401306152344,154.39999389648438,6835.4296875,1565.4210205078125
2023-02-27,2713.343994140625,179.75401306152344,161.1999969482422,6873.39404296875,1593.4017333984375
2023-02-28,2709.34814453125,181.0536651611328,162.5,6835.4296875,1578.911865234375
2023-03-01,2743.31494140625,179.75401306152344,163.60000610351562,6883.3837890625,1582.9091796875
2023-03-02,2731.326416015625,180.9536895751953,159.89999389648438,6845.42041015625,1552.9296875
2023-03-03,2713.343994140625,181.75347900390625,157.3000030517578,6891.37548828125,1575.4141845703125
2023-03-06,2747.31103515625,180.50381469726562,162.10000610351562,7069.205078125,1606.892578125
2023-03-07,2687.36962890625,181.0536651611328,167.1999969482422,7031.24169921875,1595.4005126953125
2023-03-08,2693.36376953125,179.40408325195312,163.89999389648438,7033.23974609375,1592.402587890625
2023-03-09,2709.34814453125,179.15414428710938,165.1999969482422,7043.22998046875,1601.396484375
2023-03-10,2657.39892578125,173.60556030273438,161.6999969482422,6961.30908203125,1542.43701171875
2023-03-13,2573.48095703125,166.30743408203125,157.3000030517578,6813.45068359375,1496.9683837890625
2023-03-14,2617.438232421875,168.65682983398438,165.10000610351562,6901.3662109375,1511.9578857421875
2023-03-15,2535.5185546875,161.8585662841797,151.5,6651.6064453125,1461.4925537109375
2023-03-16,2597.45751953125,166.65733337402344,155.10000610351562,6745.5166015625,1474.9833984375
2023-03-17,2535.5185546875,162.2584686279297,154.5,6571.68310546875,1403.032958984375
2023-03-20,2551.50244140625,164.30796813964844,154.6999969482422,6631.62646484375,1426.017333984375
2023-03-21,2635.42041015625,169.75656127929688,161.60000610351562,6855.40966796875,1464.4906005859375
2023-03-22,2665.391357421875,172.1559295654297,158.5,6813.45068359375,1469.4874267578125
2023-03-23,2679.37744140625,171.00624084472656,159.5,6797.46630859375,1443.0054931640625
2023-03-24,2629.42626953125,163.9080352783203,160.1999969482422,6687.57177734375,1425.017822265625
2023-03-27,2675.381103515625,166.1074981689453,161.8000030517578,6673.58544921875,1423.0191650390625
2023-03-28,2703.353759765625,167.7070770263672,161.0,6719.54150390625,1420.5208740234375
2023-03-29,2741.316650390625,168.15695190429688,162.1999969482422,6427.82177734375,1448.001953125
2023-03-30,2793.265625,175.35513305664062,163.60000610351562,6533.71923828125,1481.9786376953125
2023-03-31,2771.287353515625,177.70452880859375,164.5,6565.68896484375,1493.970458984375
2023-04-03,2751.30712890625,174.1054229736328,162.89999389648438,6445.80419921875,1490.972412109375
2023-04-04,2757.301025390625,171.906005859375,164.8000030517578,6455.794921875,1474.9833984375
2023-04-05,2709.34814453125,167.00726318359375,157.60000610351562,6343.9033203125,1439.00830078125
2023-04-06,2755.30322265625,166.0075225830078,160.3000030517578,6371.87548828125,1483.97705078125
2023-04-11,2769.289306640625,168.65682983398438,164.0,6445.80419921875,1484.9765625
2023-04-12,2761.297119140625,167.50714111328125,162.10000610351562,6443.806640625,1510.9588623046875
2023-04-13,2777.281494140625,166.2574462890625,163.10000610351562,6471.77880859375,1541.937255859375
2023-04-14,2789.269775390625,166.50738525390625,164.1999969482422,6557.697265625,1553.9290771484375
2023-04-17,2805.254150390625,166.30743408203125,165.60000610351562,6517.73583984375,1558.925537109375
2023-04-18,2769.289306640625,166.55738830566406,169.3000030517578,6599.65673828125,1615.88623046875
2023-04-19,2785.273681640625,163.55813598632812,169.39999389648438,6527.72509765625,1622.8814697265625
2023-04-20,2769.289306640625,164.20797729492188,167.10000610351562,6633.6240234375,1594.900634765625
2023-04-21,2807.252197265625,165.25770568847656,169.39999389648438,6787.4755859375,1614.8870849609375
2023-04-24,2811.248291015625,167.60708618164062,166.6999969482422,6865.4013671875,1573.915283203125
2023-04-25,2811.248291015625,166.0075225830078,165.39999389648438,6769.494140625,1536.940673828125
2023-04-26,2831.228759765625,162.5084228515625,167.39999389648438,6781.4814453125,1518.953125
2023-04-27,2797.6962890625,159.80911254882812,169.89999389648438,6785.47802734375,1544.935302734375
2023-04-28,2815.681640625,161.00880432128906,175.10000610351562,6733.52734375,1572.9158935546875
2023-05-02,2843.65869140625,162.05853271484375,176.39999389648438,6595.66064453125,1591.90283203125
2023-05-03,2877.630615234375,162.95828247070312,174.6999969482422,6507.74462890625,1613.8876953125
2023-05-04,2853.650390625,159.80911254882812,174.3000030517578,6715.544921875,1601.8958740234375
2023-05-05,2899.612548828125,162.60836791992188,178.1999969482422,6793.47021484375,1621.8822021484375
2023-05-09,2901.61083984375,164.50790405273438,180.8000030517578,6783.4794921875,1630.8758544921875
2023-05-10,2851.65185546875,164.35794067382812,189.5,6801.46240234375,1640.8690185546875
2023-05-11,2863.64208984375,168.55686950683594,193.10000610351562,6845.42041015625,1631.8753662109375
2023-05-12,2849.653564453125,173.20565795898438,196.5,6811.45263671875,1630.8758544921875
2023-05-15,2841.66015625,174.55532836914062,195.0,6807.45654296875,1658.856689453125
2023-05-16,2749.736083984375,170.20645141601562,195.10000610351562,6735.5263671875,1655.8587646484375
2023-05-17,2777.712890625,162.95828247070312,199.10000610351562,6643.61474609375,1642.86767578125
2023-05-18,2759.727783203125,172.60581970214844,208.39999389648438,6687.57177734375,1663.853271484375
2023-05-19,2741.742431640625,159.2092742919922,208.0,6587.66796875,1647.8643798828125
2023-05-22,2711.76708984375,160.35894775390625,209.8000030517578,6633.6240234375,1648.8636474609375
2023-05-23,2683.7900390625,155.91009521484375,207.1999969482422,6547.70654296875,1657.857421875
2023-05-24,2651.81640625,150.41151428222656,206.8000030517578,6441.80810546875,1591.90283203125
2023-05-25,2655.81298828125,148.61196899414062,207.1999969482422,6413.8349609375,1579.9110107421875
2023-05-26,2669.802001953125,150.96136474609375,207.8000030517578,6393.85400390625,1520.9517822265625
2023-05-30,2665.80517578125,153.41073608398438,201.8000030517578,6373.87353515625,1526.9476318359375
2023-05-31,2683.7900390625,151.9611053466797,204.60000610351562,6339.90625,1568.918701171875
2023-06-01,2711.76708984375,152.31103515625,206.1999969482422,6397.8505859375,1594.900634765625
2023-06-02,2755.731201171875,156.85984802246094,209.39999389648438,6495.7568359375,1641.868408203125
2023-06-05,2725.755615234375,154.96034240722656,212.8000030517578,6443.806640625,1602.8953857421875
2023-06-06,2733.748779296875,154.81039428710938,214.0,6475.77587890625,1604.893798828125
2023-06-07,2689.785400390625,153.86062622070312,214.0,6519.7333984375,1604.893798828125
2023-06-08,2691.78369140625,150.96136474609375,217.60000610351562,6485.76611328125,1607.891845703125
2023-06-09,2679.79345703125,148.61196899414062,216.0,6427.82177734375,1617.8848876953125
2023-06-12,2701.775390625,148.91188049316406,217.1999969482422,6473.77734375,1625.8795166015625
2023-06-13,2747.73779296875,148.31202697753906,220.60000610351562,6483.76806640625,1644.8662109375
2023-06-14,2727.753662109375,148.21206665039062,215.0,6445.80419921875,1636.871826171875
2023-06-15,2713.765380859375,147.2623291015625,204.8000030517578,6433.8154296875,1632.874755859375
2023-06-16,2677.795166015625,149.0618438720703,210.0,6431.81787109375,1626.8787841796875
2023-06-19,2635.82958984375,148.3620147705078,211.0,6735.5263671875,1607.891845703125
2023-06-20,2591.8662109375,147.2623291015625,216.60000610351562,6693.56591796875,1616.8856201171875
2023-06-21,2557.893798828125,146.36253356933594,218.0,6677.58203125,1571.916748046875
2023-06-22,2507.93505859375,149.71170043945312,215.60000610351562,6667.59130859375,1551.930419921875
2023-06-23,2513.93017578125,143.76321411132812,203.8000030517578,6605.650390625,1515.9552001953125
2023-06-26,2513.93017578125,146.5625,203.60000610351562,6699.56005859375,1504.962646484375
2023-06-27,2581.8740234375,142.56350708007812,203.0,6803.4609375,1509.9593505859375
2023-06-28,2571.88232421875,144.1131134033203,205.8000030517578,6839.4267578125,1548.9324951171875
2023-06-29,2551.898681640625,143.86318969726562,206.60000610351562,6805.458984375,1549.9317626953125
2023-06-30,2551.898681640625,145.962646484375,204.1999969482422,6893.3740234375,1546.933837890625
2023-07-03,2561.890625,145.962646484375,206.39999389648438,6975.294921875,1536.940673828125
2023-07-04,2587.869384765625,147.6621856689453,208.0,6967.30322265625,1546.933837890625
2023-07-05,2527.918701171875,145.2128448486328,204.0,6947.322265625,1524.948974609375
2023-07-06,2475.96142578125,137.97105407714844,199.3000030517578,6577.00390625,1467.98828125
2023-07-07,2529.916748046875,140.97042846679688,200.0,6652.94580078125,1468.9876708984375
2023-07-10,2531.91552734375,141.02041625976562,201.8000030517578,6684.921875,1480.9793701171875
2023-07-11,2579.875732421875,144.4696807861328,200.60000610351562,6806.82958984375,1482.9779052734375
2023-07-12,2635.82958984375,150.11851501464844,208.0,6956.71484375,1503.9635009765625
2023-07-13,2625.837890625,151.1182861328125,208.0,6938.7294921875,1505.043701171875
2023-07-14,2645.8212890625,151.9181365966797,208.8000030517578,6920.74267578125,1501.0462646484375
2023-07-17,2595.862548828125,152.5679931640625,205.0,6888.76611328125,1504.04443359375
2023-07-18,2633.831298828125,153.66775512695312,209.8000030517578,6940.72705078125,1514.0380859375
2023-07-19,2693.781982421875,157.1170196533203,221.39999389648438,7048.6455078125,1548.0164794921875
2023-07-20,2691.78369140625,157.3669891357422,223.0,7198.53125,1524.0316162109375
2023-07-21,2699.777099609375,157.3669891357422,220.60000610351562,7222.51318359375,1508.0418701171875
2023-07-24,2687.786865234375,157.06707763671875,217.0,7144.57177734375,1501.0462646484375
2023-07-25,2713.765380859375,155.2674102783203,210.39999389648438,6998.68359375,1496.049560546875
2023-07-26,2707.770263671875,153.91770935058594,215.1999969482422,7084.61767578125,1506.0430908203125
2023-07-27,2731.75048828125,156.1172637939453,233.0,7116.59326171875,1506.0430908203125
2023-07-28,2715.763671875,158.06683349609375,227.8000030517578,7062.634765625,1502.0457763671875
2023-07-31,2759.727783203125,157.6669158935547,230.0,7042.650390625,1492.0518798828125
2023-08-01,2547.90185546875,153.21788024902344,228.39999389648438,6956.71484375,1502.0457763671875
2023-08-02,2497.943115234375,148.46885681152344,226.0,6846.79931640625,1450.07861328125
2023-08-03,2519.92529296875,150.6684112548828,227.1999969482422,6896.7607421875,1448.0799560546875
2023-08-04,2529.916748046875,149.21868896484375,234.60000610351562,6944.724609375,1453.076904296875
2023-08-07,2529.916748046875,146.7692108154297,232.39999389648438,6872.779296875,1449.079345703125
2023-08-08,2593.8642578125,145.96937561035156,232.60000610351562,6836.806640625,1440.0850830078125
2023-08-09,2599.859375,143.91978454589844,236.1999969482422,6880.7734375,1458.0736083984375
2023-08-10,2613.847900390625,146.16932678222656,234.39999389648438,6972.703125,1461.07177734375
2023-08-11,2569.8837890625,143.2699432373047,229.39999389648438,6894.76220703125,1440.0850830078125
2023-08-14,2571.88232421875,146.41929626464844,231.60000610351562,6962.7109375,1437.0869140625
2023-08-15,2573.880615234375,149.36865234375,233.8000030517578,6952.71826171875,1431.0906982421875
2023-08-16,2547.90185546875,153.6177520751953,230.0,6894.76220703125,1424.0950927734375
2023-08-17,2481.956298828125,153.36781311035156,227.0,6848.79736328125,1394.1142578125
2023-08-18,2428.0009765625,149.66860961914062,222.60000610351562,6830.81103515625,1379.123779296875
2023-08-21,2398.02587890625,151.0683135986328,223.0,6810.82666015625,1396.1129150390625
2023-08-22,2424.004150390625,140.72047424316406,220.39999389648438,6784.845703125,1419.0985107421875
2023-08-23,2416.0107421875,133.12205505371094,223.39999389648438,6752.8701171875,1449.079345703125
2023-08-24,2402.02197265625,139.8706512451172,222.0,6744.8759765625,1455.07568359375
2023-08-25,2428.0009765625,138.97084045410156,217.60000610351562,6774.85302734375,1422.0965576171875
2023-08-29,2453.979736328125,145.0195770263672,221.0,6952.71826171875,1459.0728759765625
2023-08-30,2447.984375,143.21994018554688,220.0,6930.73486328125,1461.07177734375
2023-08-31,2463.97119140625,145.21954345703125,220.60000610351562,6982.6953125,1466.068359375
2023-09-01,2457.97607421875,144.01979064941406,220.0,7022.6650390625,1476.062255859375
2023-09-04,2453.979736328125,142.52011108398438,217.60000610351562,7030.658203125,1480.0596923828125
2023-09-05,2447.984375,140.92044067382812,217.1999969482422,7036.65380859375,1483.0577392578125
2023-09-06,2439.99072265625,139.2707977294922,215.39999389648438,7002.68017578125,1389.117431640625
2023-09-07,2368.20556640625,134.2218475341797,216.1999969482422,6986.69287109375,1394.1142578125
2023-09-08,2396.18408203125,137.7211151123047,219.8000030517578,7102.6044921875,1381.12255859375
2023-09-11,2406.176513671875,139.4707489013672,220.8000030517578,7152.56640625,1389.117431640625
2023-09-12,2424.162841796875,140.42054748535156,223.0,7272.4755859375,1400.1104736328125
2023-09-13,2420.165771484375,136.9712677001953,223.0,7172.55126953125,1383.1212158203125
2023-09-14,2490.11279296875,140.62049865722656,228.0,7128.5849609375,1393.114990234375
2023-09-15,2538.076416015625,139.62071228027344,228.0,7188.53955078125,1405.1072998046875
2023-09-18,2420.165771484375,136.021484375,220.0,7106.6015625,1343.146728515625
2023-09-19,2450.143310546875,133.3720245361328,219.39999389648438,7026.66259765625,1355.1390380859375
2023-09-20,2490.11279296875,132.922119140625,224.1999969482422,7100.60546875,1380.1231689453125
2023-09-21,2478.121826171875,144.8695831298828,226.60000610351562,7344.42041015625,1374.1268310546875
2023-09-22,2448.144775390625,146.96917724609375,224.8000030517578,7292.46044921875,1368.130859375
2023-09-25,2426.161376953125,145.61944580078125,218.60000610351562,7306.4501953125,1364.1334228515625
2023-09-26,2422.164306640625,145.5194854736328,218.0,7418.3642578125,1362.134521484375
2023-09-27,2402.179443359375,144.31973266601562,214.60000610351562,7382.39208984375,1340.1484375
2023-09-28,2402.179443359375,142.82005310058594,223.8000030517578,7276.47216796875,1329.1556396484375
2023-09-29,2446.146484375,149.66860961914062,226.0,7290.4619140625,1343.146728515625
2023-10-02,2476.12353515625,149.0687255859375,213.39999389648438,7286.46435546875,1326.157470703125
2023-10-03,2374.20068359375,145.56947326660156,210.0,7120.5908203125,1278.1878662109375
2023-10-04,2308.2509765625,144.26974487304688,204.0,6966.70751953125,1242.2108154296875
2023-10-05,2342.224609375,139.97064208984375,204.60000610351562,7036.65380859375,1255.2025146484375
2023-10-06,2380.196044921875,143.11996459960938,204.1999969482422,7208.52392578125,1277.1884765625
2023-10-09,2344.223388671875,138.7209014892578,200.1999969482422,6894.76220703125,1241.21142578125
2023-10-10,2422.164306640625,144.1197509765625,205.0,7030.658203125,1280.186767578125
2023-10-11,2384.193115234375,138.57093811035156,205.8000030517578,6870.7802734375,1250.2056884765625
2023-10-12,2382.194580078125,137.42117309570312,213.0,6922.74072265625,1247.2076416015625
2023-10-13,2312.24755859375,130.82257080078125,203.0,6848.79736328125,1221.2239990234375
2023-10-16,2342.224609375,133.8219451904297,209.0,7084.61767578125,1247.2076416015625
2023-10-17,2374.20068359375,136.72132873535156,211.60000610351562,7176.54833984375,1256.2017822265625
2023-10-18,2360.21142578125,133.4720001220703,210.1999969482422,7088.61572265625,1240.2120361328125
2023-10-19,2306.252197265625,129.9727325439453,206.8000030517578,6958.71337890625,1214.228515625
2023-10-20,2280.272216796875,126.27351379394531,203.1999969482422,6828.81201171875,1204.235107421875
2023-10-23,2310.249267578125,128.32308959960938,207.60000610351562,6952.71826171875,1219.225341796875
2023-10-24,2316.24462890625,128.92294311523438,204.39999389648438,6922.74072265625,1220.224853515625
2023-10-25,2294.26123046875,126.17352294921875,202.1999969482422,6858.7900390625,1195.2406005859375
2023-10-26,2296.260009765625,126.72341918945312,199.3000030517578,6810.82666015625,1176.2525634765625
2023-10-27,2318.2431640625,126.07354736328125,204.8000030517578,6816.8212890625,1168.2578125
2023-10-30,2334.23095703125,127.773193359375,206.8000030517578,6832.8095703125,1190.243896484375
2023-10-31,2368.20556640625,127.47325897216797,207.39999389648438,6878.77490234375,1159.263427734375
2023-11-01,2392.18701171875,126.57344055175781,212.8000030517578,7126.5859375,1160.2626953125
2023-11-02,2492.111083984375,126.42347717285156,219.0,7244.49658203125,1181.24951171875
2023-11-03,2510.097900390625,131.32244873046875,222.60000610351562,7324.43603515625,1205.2342529296875
2023-11-06,2480.120361328125,131.97232055664062,221.0,7200.5302734375,1175.25341796875
2023-11-07,2516.093505859375,134.17185974121094,221.39999389648438,7322.4375,1194.2412109375
2023-11-08,2532.081298828125,134.17185974121094,225.1999969482422,7332.43017578125,1188.2449951171875
2023-11-09,2544.072265625,134.5217742919922,229.0,7410.37109375,1248.2069091796875
2023-11-10,2536.078369140625,133.92190551757812,225.0,7376.39697265625,1239.2127685546875
2023-11-13,2536.078369140625,133.87191772460938,230.8000030517578,7526.28173828125,1246.2083740234375
2023-11-14,2596.03271484375,139.6707000732422,242.8000030517578,7630.20361328125,1317.1632080078125
2023-11-15,2610.02197265625,141.9202117919922,245.1999969482422,7724.1328125,1352.1409912109375
2023-11-16,2542.073486328125,137.0712432861328,242.0,7620.21142578125,1286.1827392578125
2023-11-17,2554.064453125,138.7209014892578,242.8000030517578,7708.14453125,1318.16259765625
2023-11-20,2544.072265625,139.07081604003906,243.1999969482422,7710.142578125,1319.161865234375
2023-11-21,2522.088623046875,144.56968688964844,240.0,7706.14599609375,1301.17333984375
2023-11-22,2546.0703125,150.31846618652344,238.1999969482422,7724.1328125,1324.1585693359375
2023-11-23,2488.1142578125,147.86898803710938,239.60000610351562,7730.1279296875,1315.1644287109375
2023-11-24,2502.103759765625,148.1688995361328,242.0,7788.08349609375,1317.1632080078125
2023-11-27,2488.1142578125,148.71881103515625,241.60000610351562,7818.06103515625,1311.1668701171875
2023-11-28,2476.12353515625,148.768798828125,240.60000610351562,7894.00390625,1304.1715087890625
2023-11-29,2488.1142578125,157.26699829101562,242.39999389648438,7923.98046875,1305.1707763671875
2023-11-30,2454.140380859375,157.01707458496094,221.60000610351562,7923.98046875,1266.195556640625
2023-12-01,2470.1279296875,160.3163604736328,224.39999389648438,8035.8955078125,1283.184814453125
2023-12-04,2440.150634765625,164.8654022216797,228.60000610351562,8091.853515625,1299.1744384765625
2023-12-05,2460.135498046875,164.96539306640625,228.60000610351562,8099.8466796875,1295.177001953125
2023-12-06,2522.088623046875,168.6146240234375,229.0,8117.83349609375,1307.1695556640625
2023-12-07,2504.102294921875,165.76817321777344,230.0,8004.5703125,1303.1719970703125
2023-12-08,2472.12646484375,166.91795349121094,233.60000610351562,7996.5751953125,1311.1668701171875
2023-12-11,2486.115966796875,172.56687927246094,234.0,8136.48046875,1310.1676025390625
2023-12-12,2486.115966796875,172.71682739257812,236.39999389648438,8102.50439453125,1321.16064453125
2023-12-13,2462.134033203125,170.11732482910156,232.60000610351562,8088.51318359375,1322.1600341796875
2023-12-14,2514.094970703125,175.1163787841797,240.0,8164.46142578125,1354.1396484375
2023-12-15,2506.10107421875,173.11676025390625,246.39999389648438,8148.47265625,1342.1473388671875
2023-12-18,2468.12939453125,171.4670867919922,248.0,8084.515625,1332.1536865234375
2023-12-19,2524.08740234375,172.46688842773438,248.39999389648438,8100.5048828125,1345.1453857421875
2023-12-20,2624.011474609375,174.2665557861328,255.0,8214.4267578125,1374.1268310546875
2023-12-21,2610.02197265625,173.9165802001953,251.8000030517578,8192.4423828125,1347.14404296875
2023-12-22,2610.02197265625,164.96832275390625,260.0,8204.4345703125,1329.1556396484375
2023-12-27,2634.00390625,167.86776733398438,259.0,8128.48583984375,1341.1478271484375
2023-12-28,2612.0205078125,167.41786193847656,259.20001220703125,8142.47705078125,1332.1536865234375
2023-12-29,2600.02978515625,165.9181365966797,257.79998779296875,8112.49658203125,1333.1529541015625
2024-01-02,2616.017333984375,160.56918334960938,254.0,8036.548828125,1310.1676025390625
2024-01-03,2598.031005859375,155.420166015625,256.20001220703125,8076.521484375,1312.166259765625
2024-01-04,2602.028076171875,119.6770248413086,255.8000030517578,8544.2041015625,1310.1676025390625
2024-01-05,2558.061279296875,120.07694244384766,255.39999389648438,8460.259765625,1302.172607421875
2024-01-08,2552.06591796875,119.32708740234375,262.20001220703125,8500.234375,1327.15673828125
2024-01-09,2472.12646484375,114.32804107666016,256.0,8420.2880859375,1311.1668701171875
2024-01-10,2600.02978515625,113.27825927734375,256.79998779296875,8538.208984375,1299.1744384765625
2024-01-11,2582.043212890625,110.2788314819336,248.0,8450.267578125,1251.4052734375
2024-01-12,2616.017333984375,114.42803192138672,250.8000030517578,8556.1953125,1254.4039306640625
2024-01-15,2638.000732421875,113.27825927734375,251.8000030517578,8478.2490234375,1233.4139404296875
2024-01-16,2659.984375,107.32939910888672,254.8000030517578,8552.19921875,1241.4100341796875
2024-01-17,2638.000732421875,108.77910614013672,264.0,8408.2958984375,1214.4228515625
2024-01-18,2657.985595703125,108.22921752929688,265.6000061035156,8380.3154296875,1209.4251708984375
2024-01-19,2687.962890625,111.22864532470703,267.0,8292.3759765625,1201.428955078125
2024-01-22,2705.94921875,114.67798614501953,269.6000061035156,8394.306640625,1205.4271240234375
2024-01-23,2693.95849609375,115.87775421142578,264.3999938964844,8290.3759765625,1204.427734375
2024-01-24,2639.999267578125,116.82756805419922,259.3999938964844,8380.3154296875,1212.423828125
2024-01-25,2655.987060546875,116.4776382446289,258.79998779296875,8488.2421875,1231.4146728515625
2024-01-26,2673.9736328125,117.77739715576172,260.0,8502.2314453125,1223.41845703125
2024-01-29,2649.99169921875,118.1273193359375,260.3999938964844,8502.2314453125,1205.4271240234375
2024-01-30,2663.981201171875,119.0771255493164,260.0,8638.1396484375,1217.42138671875
2024-01-31,2669.976806640625,117.02752685546875,260.20001220703125,8462.259765625,1210.424560546875
2024-02-01,2616.017333984375,114.92793273925781,257.6000061035156,8296.3720703125,1228.4161376953125
2024-02-02,2612.0205078125,112.97830963134766,259.20001220703125,8306.3662109375,1240.4105224609375
2024-02-05,2612.0205078125,107.02944946289062,252.0,8238.4111328125,1230.4151611328125
2024-02-06,2659.984375,110.72874450683594,251.8000030517578,8360.330078125,1252.4046630859375
2024-02-07,2661.98291015625,107.32939910888672,247.39999389648438,8350.3349609375,1239.4110107421875
2024-02-08,2681.9677734375,104.47994232177734,247.0,8284.3798828125,1238.411376953125
2024-02-09,2699.953857421875,103.98003387451172,244.8000030517578,8216.4267578125,1243.4090576171875
2024-02-12,2723.935546875,105.62971496582031,246.39999389648438,8342.341796875,1262.400146484375
2024-02-13,2675.971923828125,105.42975616455078,239.60000610351562,8170.45751953125,1236.412353515625
2024-02-14,2727.932373046875,108.22921752929688,240.1999969482422,8290.3759765625,1250.40576171875
2024-02-15,2749.916259765625,109.82891845703125,244.0,8394.306640625,1259.4014892578125
2024-02-16,2789.8857421875,112.07848358154297,242.0,8464.2578125,1257.40234375
2024-02-19,2797.879638671875,113.07828521728516,243.8000030517578,8494.23828125,1271.3958740234375
2024-02-20,2807.8720703125,112.178466796875,246.8000030517578,8528.2138671875,1285.3890380859375
2024-02-21,2777.894775390625,112.42840576171875,248.8000030517578,8548.201171875,1303.3804931640625
2024-02-22,2777.894775390625,113.42821502685547,250.39999389648438,8436.27734375,1295.38427734375
2024-02-23,2769.90087890625,115.37784576416016,244.1999969482422,8438.2763671875,1297.3834228515625
2024-02-26,2737.92529296875,114.47801208496094,243.39999389648438,8416.2900390625,1295.38427734375
2024-02-27,2699.953857421875,114.87794494628906,241.8000030517578,8356.33203125,1304.380126953125
2024-02-28,2671.97509765625,117.67739868164062,239.39999389648438,8348.3359375,1265.3985595703125
2024-02-29,2693.95849609375,117.87737274169922,235.0,8308.3642578125,1235.412841796875
2024-03-01,2745.919189453125,119.87698364257812,237.60000610351562,8404.298828125,1241.4100341796875
2024-03-04,2713.943115234375,118.22730255126953,235.39999389648438,8178.4521484375,1235.412841796875
2024-03-05,2771.8994140625,117.52743530273438,236.0,8294.373046875,1220.4200439453125
2024-03-06,2847.841796875,116.9775390625,240.8000030517578,8410.2958984375,1226.417236328125
2024-03-07,2857.83447265625,115.72777557373047,238.39999389648438,8314.3603515625,1234.413330078125
2024-03-08,2839.847900390625,115.67778778076172,238.8000030517578,8366.32421875,1241.4100341796875
2024-03-11,2837.849365234375,114.1780776977539,236.60000610351562,8386.3115234375,1247.4072265625
2024-03-12,2875.820556640625,117.87737274169922,238.8000030517578,8492.2392578125,1260.4010009765625
2024-03-13,2859.83251953125,113.07828521728516,244.1999969482422,8450.267578125,1269.396728515625
2024-03-14,2837.849365234375,111.82852935791016,242.60000610351562,8482.24609375,1245.4080810546875
2024-03-15,2841.84619140625,111.82852935791016,236.39999389648438,8496.2353515625,1239.4110107421875
2024-03-18,2831.85400390625,111.128662109375,235.60000610351562,8450.267578125,1227.4166259765625
2024-03-19,2827.857177734375,110.52877807617188,232.0,8472.2529296875,1220.4200439453125
2024-03-20,2815.8662109375,113.62818145751953,228.0,8504.2314453125,1212.423828125
2024-03-21,2855.835693359375,117.0775146484375,231.1999969482422,9071.845703125,1259.4014892578125
2024-03-22,2809.870361328125,109.72892761230469,228.60000610351562,9185.7685546875,1263.3995361328125
2024-03-25,2771.8994140625,110.07886505126953,222.1999969482422,9203.7568359375,1257.40234375
2024-03-26,2827.857177734375,114.1780776977539,224.60000610351562,9281.703125,1282.390625
2024-03-27,2857.83447265625,116.27767181396484,223.0,9181.771484375,1265.3985595703125
2024-03-28,2871.823486328125,134.47418212890625,225.8000030517578,9225.7421875,1316.3743896484375
2024-04-02,2797.879638671875,133.0244598388672,224.5,9043.865234375,1296.384033203125
2024-04-03,2831.85400390625,131.92466735839844,226.5,9007.888671875,1307.378662109375
2024-04-04,2801.87646484375,131.52474975585938,232.0,8941.93359375,1305.379638671875
2024-04-05,2799.878173828125,126.22576141357422,232.5,8816.01953125,1308.3782958984375
2024-04-08,2779.8935546875,124.42610168457031,234.0,8824.013671875,1314.3753662109375
2024-04-09,2751.91455078125,124.6260757446289,231.5,8736.07421875,1311.376708984375
2024-04-10,2775.896484375,124.07617950439453,234.5,8891.96875,1331.3671875
2024-04-11,2775.896484375,122.52647399902344,232.0,8979.908203125,1306.3790283203125
2024-04-12,2753.9130859375,118.67721557617188,231.5,9037.869140625,1276.3934326171875
2024-04-15,2793.882568359375,119.57704162597656,233.0,8943.9326171875,1262.400146484375
2024-04-16,2735.9267578125,116.87755584716797,229.0,8832.0078125,1246.40771484375
2024-04-17,2729.93115234375,119.02714538574219,228.0,8822.015625,1240.4105224609375
2024-04-18,2775.896484375,120.27690887451172,229.5,8838.0048828125,1247.4072265625
2024-04-19,2759.90869140625,116.92755126953125,230.0,8768.0517578125,1237.411865234375
2024-04-22,2783.890380859375,118.42726135253906,235.0,9049.8623046875,1275.3939208984375
2024-04-23,2799.878173828125,122.87640380859375,236.0,9183.7685546875,1279.3919677734375
2024-04-24,2777.894775390625,119.12712860107422,236.5,9193.763671875,1257.40234375
2024-04-25,2686.795654296875,116.27767181396484,236.0,9097.8291015625,1181.4384765625
2024-04-26,2698.790283203125,120.12694549560547,236.5,9113.818359375,1119.468017578125
2024-04-29,2760.7626953125,116.5776138305664,239.0,9035.8701171875,1130.4627685546875
2024-04-30,2722.779541015625,115.57781219482422,241.5,9001.8935546875,1096.4788818359375
2024-05-01,2714.782958984375,112.12847137451172,245.5,9057.85546875,1100.4769287109375
2024-05-02,2704.787353515625,113.82814025878906,242.5,8971.9140625,1091.481201171875
2024-05-03,2720.7802734375,115.67778778076172,246.5,9091.8330078125,1082.485595703125
2024-05-07,2764.7607421875,118.82717895507812,244.0,9099.8271484375,1093.480224609375
2024-05-08,2810.739990234375,116.77758026123047,248.5,9181.771484375,1101.4765625
2024-05-09,2796.746337890625,120.17691040039062,252.5,9197.7607421875,1089.482177734375
2024-05-10,2808.740966796875,121.87660217285156,255.5,9287.69921875,1106.4739990234375
2024-05-13,2816.737548828125,123.07637023925781,253.0,9255.7216796875,1110.47216796875
2024-05-14,2774.756103515625,123.12635803222656,256.5,9289.6982421875,1129.4632568359375
2024-05-15,2782.75244140625,126.82564544677734,256.0,9327.671875,1132.4619140625
2024-05-16,2772.757080078125,125.42591094970703,260.5,9385.6328125,1172.44287109375
2024-05-17,2828.732177734375,121.47667694091797,263.5,9419.611328125,1180.43896484375
2024-05-20,2842.7255859375,123.77623748779297,266.0,9361.6484375,1198.430419921875
2024-05-21,2842.7255859375,120.57685089111328,266.0,9373.6416015625,1192.4332275390625
2024-05-22,2814.73828125,120.87679290771484,292.5,9267.712890625,1167.445068359375
2024-05-23,2860.717529296875,121.47667694091797,297.0,9301.6904296875,1107.4737548828125
2024-05-24,2870.713134765625,121.42668151855469,301.0,9359.6513671875,1099.4774169921875
2024-05-28,2886.7060546875,128.02540588378906,297.5,9201.7587890625,1115.469970703125
2024-05-29,2896.70166015625,126.67567443847656,303.0,9303.6884765625,1099.4774169921875
2024-05-30,2938.6826171875,133.77432250976562,307.5,9329.6708984375,1169.444091796875
2024-05-31,2938.6826171875,127.47552490234375,308.0,9331.669921875,1149.4537353515625
2024-06-03,2936.68359375,133.92428588867188,308.0,9315.6806640625,1156.4503173828125
2024-06-04,2936.68359375,132.32460021972656,312.5,9409.6171875,1142.45703125
2024-06-05,2926.688232421875,126.2757568359375,304.0,9279.705078125,1146.455078125
2024-06-06,2876.71044921875,128.12539672851562,308.0,9275.7080078125,1166.4456787109375
2024-06-07,2848.72314453125,125.47590637207031,309.0,9239.732421875,1174.4417724609375
2024-06-10,2838.7275390625,124.3761215209961,308.5,9201.7587890625,1184.4371337890625
2024-06-11,2812.739013671875,123.57626342773438,305.5,9027.8759765625,1181.4384765625
2024-06-12,2844.724853515625,124.3761215209961,305.5,9169.779296875,1199.4300537109375
2024-06-13,2818.736572265625,122.03245544433594,300.0,9025.876953125,1178.43994140625
2024-06-14,2808.740966796875,120.73263549804688,295.0,9001.8935546875,1155.4508056640625
2024-06-17,2856.719482421875,120.48267364501953,299.0,9031.873046875,1182.4381103515625
2024-06-18,2876.71044921875,117.83306121826172,303.0,9033.8720703125,1190.434326171875
2024-06-19,2858.71875,119.78278350830078,298.0,8997.896484375,1177.4404296875
2024-06-20,2856.719482421875,125.88189697265625,294.0,9095.8291015625,1170.44384765625
2024-06-21,2840.7265625,126.08187103271484,301.0,9133.802734375,1170.44384765625
2024-06-24,2850.72216796875,129.9313201904297,294.0,9285.701171875,1190.434326171875
2024-06-25,2814.73828125,127.03173065185547,291.0,9251.7236328125,1149.4537353515625
2024-06-26,2764.7607421875,125.68192291259766,293.0,9137.8017578125,1147.45458984375
2024-06-27,2770.758056640625,126.33183288574219,288.0,9125.8095703125,1151.4527587890625
2024-06-28,2770.758056640625,119.48281860351562,285.5,9029.875,1131.462158203125
2024-07-01,2758.763427734375,119.33283996582031,287.0,9113.818359375,1131.462158203125
2024-07-02,2752.76611328125,117.58309936523438,282.5,9039.8671875,1125.4652099609375
2024-07-03,2802.743408203125,112.8837661743164,288.0,9105.8232421875,1165.4461669921875
2024-07-04,2808.740966796875,112.28385925292969,288.5,8933.3232421875,1165.4461669921875
2024-07-05,2874.71142578125,113.58366394042969,290.0,8931.32421875,1189.4346923828125
2024-07-08,2898.700927734375,113.63365936279297,294.5,9005.287109375,1193.432861328125
2024-07-09,2846.72412109375,111.48397064208984,293.5,8669.462890625,1157.4500732421875
2024-07-10,2898.700927734375,111.43397521972656,296.0,8887.34765625,1181.4384765625
2024-07-11,2900.69970703125,114.18358612060547,299.5,8905.337890625,1212.53662109375
2024-07-12,2900.69970703125,115.73336029052734,302.0,9103.2333984375,1211.5369873046875
2024-07-15,2880.70849609375,114.6335220336914,302.5,9015.2802734375,1213.5362548828125
2024-07-16,2868.714111328125,118.68293762207031,303.5,9065.25390625,1240.5260009765625
2024-07-17,2868.714111328125,116.63323211669922,303.5,8951.314453125,1237.5269775390625
2024-07-18,2866.715087890625,120.88262176513672,296.5,8921.330078125,1276.51220703125
2024-07-19,2842.7255859375,117.13316345214844,297.5,8935.322265625,1274.512939453125
2024-07-22,2868.714111328125,117.88304901123047,300.5,8767.41015625,1280.5106201171875
2024-07-23,2864.7158203125,119.83277130126953,303.0,8767.41015625,1275.5125732421875
2024-07-24,2844.724853515625,121.3825454711914,301.0,8735.4267578125,1260.518310546875
2024-07-25,2836.728515625,119.28285217285156,306.5,8683.455078125,1270.514404296875
2024-07-26,2898.700927734375,123.18228912353516,315.0,8807.388671875,1299.5032958984375
2024-07-29,2934.6845703125,128.28155517578125,308.0,8883.349609375,1291.5064697265625
2024-07-30,3080.619140625,129.4813690185547,315.5,9029.2724609375,1296.504638671875
2024-07-31,3132.595703125,131.5811004638672,311.0,9069.2529296875,1319.4957275390625
2024-08-01,3138.59326171875,132.4309539794922,317.0,9824.85546875,1311.498779296875
2024-08-02,3076.620849609375,123.73221588134766,302.0,9471.04296875,1247.5233154296875
2024-08-05,2948.677978515625,119.98274993896484,292.5,9283.1396484375,1243.5247802734375
2024-08-06,3028.642333984375,123.38225555419922,295.5,9355.1015625,1248.5228271484375
2024-08-07,3062.627197265625,125.931884765625,303.5,9471.04296875,1215.5355224609375
2024-08-08,3092.61376953125,122.5823745727539,301.0,9489.03125,1182.548095703125
2024-08-09,3120.60107421875,125.43196105957031,303.0,9515.01953125,1197.5423583984375
2024-08-12,3076.620849609375,120.33270263671875,308.0,9537.0068359375,1214.535888671875
2024-08-13,3108.6064453125,121.63250732421875,304.5,9648.94921875,1218.5343017578125
2024-08-14,3118.60205078125,122.93231964111328,310.5,9720.9111328125,1214.535888671875
2024-08-15,3156.5849609375,126.4818115234375,311.5,9840.84765625,1224.531982421875
2024-08-16,3126.5986328125,126.8317642211914,303.0,9802.8681640625,1209.5377197265625
2024-08-19,3140.59228515625,128.8314971923828,305.5,9974.7783203125,1228.5303955078125
2024-08-20,3090.61474609375,123.18228912353516,300.5,9908.8125,1216.5350341796875
2024-08-21,3164.581298828125,128.13157653808594,309.5,9966.783203125,1233.5286865234375
2024-08-22,3186.571533203125,141.82962036132812,308.5,10084.720703125,1244.5244140625
2024-08-23,3174.576904296875,149.22854614257812,309.0,10209.6552734375,1263.51708984375
2024-08-27,3158.584228515625,143.0794219970703,307.0,10099.712890625,1273.5133056640625
2024-08-28,3156.5849609375,137.2802734375,302.0,10099.712890625,1257.5194091796875
2024-08-29,3158.584228515625,138.0301513671875,296.0,10134.693359375,1281.51025390625
2024-08-30,3182.5732421875,137.93017578125,297.0,10159.681640625,1282.510009765625
2024-09-02,3158.584228515625,134.8306121826172,293.5,10104.7099609375,1282.510009765625
2024-09-03,3156.5849609375,133.53079223632812,285.0,10089.7177734375,1311.498779296875
2024-09-04,3168.57958984375,133.18084716796875,285.0,10044.7412109375,1289.50732421875
2024-09-05,3142.77978515625,134.23069763183594,286.0,9968.78125,1274.512939453125
2024-09-06,3112.791259765625,133.58079528808594,284.0,9920.8056640625,1244.5244140625
2024-09-09,3152.77587890625,135.83047485351562,288.0,10059.7333984375,1229.5301513671875
2024-09-10,3178.765869140625,140.47979736328125,293.0,10019.7548828125,1226.5313720703125
2024-09-11,3128.785400390625,139.7799072265625,288.5,10184.66796875,1359.48046875
2024-09-12,3150.776611328125,144.879150390625,291.5,10284.6162109375,1356.4814453125
2024-09-13,3170.768798828125,148.8785858154297,297.0,10304.6064453125,1390.4686279296875
2024-09-16,3174.767333984375,154.27783203125,297.0,10404.552734375,1384.470947265625
2024-09-17,3180.764892578125,159.67703247070312,297.0,10509.498046875,1408.4617919921875
2024-09-18,3164.771240234375,150.17840576171875,295.0,10329.5927734375,1427.4544677734375
2024-09-19,3188.761962890625,156.47750854492188,296.0,10384.5634765625,1430.4532470703125
2024-09-20,3138.781494140625,152.0281524658203,298.0,9970.7802734375,1399.4652099609375
2024-09-23,3136.7822265625,154.07785034179688,303.0,10094.7158203125,1428.4542236328125
2024-09-24,3116.789794921875,153.2279815673828,303.0,10089.7177734375,1437.45068359375
2024-09-25,3090.800048828125,153.87786865234375,297.0,10084.720703125,1444.447998046875
2024-09-26,3080.803955078125,154.07785034179688,304.5,10094.7158203125,1479.4345703125
2024-09-27,3092.799072265625,155.52764892578125,302.0,9736.90234375,1496.42822265625
2024-09-30,3122.787353515625,154.02784729003906,295.5,9776.880859375,1457.4429931640625
2024-10-01,2940.858154296875,149.47850036621094,295.0,9904.8134765625,1436.4510498046875
2024-10-02,2904.872314453125,140.32981872558594,287.0,9780.8798828125,1411.4605712890625
2024-10-03,2908.87060546875,142.42953491210938,286.5,9860.837890625,1411.4605712890625
2024-10-04,2890.87744140625,138.6300506591797,285.5,9932.7998046875,1438.4501953125
2024-10-07,2874.8837890625,134.28070068359375,282.5,9826.85546875,1424.45556640625
2024-10-08,2864.8876953125,131.7810516357422,279.0,9900.8173828125,1405.462890625
2024-10-09,2890.87744140625,132.3309783935547,279.5,9858.837890625,1409.4613037109375
2024-10-10,2852.892333984375,130.4812469482422,279.5,10044.7412109375,1394.467041015625
2024-10-11,2790.916259765625,131.0811767578125,278.0,10189.666015625,1399.4652099609375
2024-10-14,2786.91796875,129.83132934570312,273.0,10264.626953125,1394.467041015625
2024-10-15,2814.906982421875,132.88088989257812,271.0,10239.640625,1378.47314453125
2024-10-16,2854.8916015625,136.3303985595703,271.5,10439.53515625,1379.472900390625
2024-10-17,2898.87451171875,138.08013916015625,273.0,10449.5302734375,1384.470947265625
2024-10-18,2916.867431640625,136.58038330078125,275.0,10239.640625,1399.4652099609375
2024-10-21,2882.880615234375,133.9307403564453,268.0,10164.677734375,1396.46630859375
2024-10-22,2876.883056640625,134.08071899414062,272.5,10054.736328125,1421.456787109375
2024-10-23,2876.883056640625,134.4806671142578,270.0,9982.775390625,1399.4652099609375
2024-10-24,2878.882080078125,133.18084716796875,270.5,9868.833984375,1391.46826171875
2024-10-25,2868.885986328125,131.9310302734375,270.0,9994.767578125,1396.46630859375
2024-10-28,2828.901611328125,132.9808807373047,270.5,10104.7099609375,1405.462890625
2024-10-29,2772.92333984375,128.0815887451172,260.5,10064.732421875,1385.470458984375
2024-10-30,2802.91162109375,127.03173065185547,258.5,10179.6708984375,1387.4697265625
2024-10-31,2740.935791015625,123.982177734375,250.5,9784.876953125,1319.4957275390625
2024-11-01,2764.926513671875,123.58222198486328,252.5,9908.8125,1321.4949951171875
2024-11-04,2770.924072265625,124.63208770751953,253.5,9876.830078125,1324.4937744140625
2024-11-05,2788.917236328125,123.08230590820312,250.5,10034.7470703125,1304.50146484375
2024-11-06,2792.91552734375,122.93231964111328,251.0,9896.818359375,1304.50146484375
2024-11-07,2804.910888671875,123.98550415039062,252.5,9916.8095703125,1335.489501953125
2024-11-08,2636.97607421875,120.73587799072266,233.0,9856.83984375,1318.4962158203125
2024-11-11,2666.964599609375,119.6360092163086,235.0,9824.85546875,1324.4937744140625
2024-11-12,2610.986328125,117.23628997802734,231.0,9730.9052734375,1299.5032958984375
2024-11-13,2606.98779296875,116.2863998413086,233.5,9668.9375,1300.5030517578125
2024-11-14,2652.969970703125,116.98631286621094,234.5,9521.015625,1259.5185546875
2024-11-15,2650.970703125,118.38615417480469,231.5,9505.0234375,1258.51904296875
2024-11-18,2642.973876953125,115.98643493652344,234.0,9441.0576171875,1258.51904296875
2024-11-19,2656.96826171875,116.78633880615234,236.0,9473.0400390625,1266.515869140625
2024-11-20,2646.97216796875,112.9367904663086,233.5,9371.09375,1264.5167236328125
2024-11-21,2640.974609375,95.42884063720703,237.0,9547.001953125,1240.5260009765625
2024-11-22,2712.946533203125,93.4490737915039,242.0,9758.8916015625,1252.521240234375
2024-11-25,2704.94970703125,102.78797912597656,244.5,9832.8525390625,1257.5194091796875
2024-11-26,2676.960693359375,101.13816833496094,245.0,9790.875,1242.525146484375
2024-11-27,2696.952880859375,101.63811492919922,249.0,9822.8583984375,1240.5260009765625
2024-11-28,2698.9521484375,103.38790893554688,249.0,9856.83984375,1244.5244140625
2024-11-29,2700.951416015625,101.78809356689453,246.5,10074.7255859375,1229.5301513671875
2024-12-02,2714.94580078125,102.73798370361328,245.5,10204.658203125,1231.529296875
2024-12-03,2760.927978515625,102.8879623413086,253.5,10154.68359375,1255.5201416015625
2024-12-04,2756.9296875,102.68798828125,250.0,10299.6083984375,1263.51708984375
2024-12-05,2746.93359375,102.38803100585938,250.0,10225.390625,1253.52099609375
2024-12-06,2756.9296875,104.63776397705078,248.0,9995.4951171875,1254.5206298828125
2024-12-09,2778.921142578125,104.43778228759766,246.5,9791.5869140625,1243.5247802734375
2024-12-10,2786.91796875,102.58800506591797,243.0,9711.623046875,1225.5316162109375
2024-12-11,2786.91796875,102.53800964355469,242.5,9745.607421875,1236.5274658203125
2024-12-12,2780.920166015625,101.98806762695312,243.0,9765.5986328125,1231.529296875
2024-12-13,2832.900146484375,100.0383071899414,238.5,9899.5390625,1207.53857421875
2024-12-16,2814.906982421875,98.96842956542969,237.0,9849.5615234375,1190.5450439453125
2024-12-17,2776.921875,96.22874450683594,233.5,9801.58203125,1174.551025390625
2024-12-18,2792.91552734375,97.36861419677734,240.0,9895.5400390625,1180.548828125
2024-12-19,2760.927978515625,97.0886459350586,245.5,9777.5927734375,1169.552978515625
2024-12-20,2764.926513671875,94.9888916015625,246.5,9801.58203125,1177.550048828125
2024-12-23,2728.9404296875,94.06900024414062,245.0,9741.609375,1183.547607421875
2024-12-24,2772.92333984375,94.90890502929688,246.0,9841.564453125,1199.5416259765625
2024-12-27,2758.928955078125,93.9690170288086,242.0,9585.6787109375,1182.548095703125
2024-12-30,2746.93359375,92.80915069580078,242.5,9495.7197265625,1177.550048828125
